C0,81,F,100,/clientes/C0.jpg
C1,19,F,101,/clientes/C1.jpg
C2,21,F,102,/clientes/C2.jpg
C3,89,F,103,/clientes/C3.jpg
C4,89,F,104,/clientes/C4.jpg
C5,46,F,105,/clientes/C5.jpg
C6,35,M,106,/clientes/C6.jpg
C7,93,M,107,/clientes/C7.jpg
C8,91,M,108,/clientes/C8.jpg
C9,95,F,109,/clientes/C9.jpg
C10,67,F,110,/clientes/C10.jpg
C11,76,F,111,/clientes/C11.jpg
C12,56,F,112,/clientes/C12.jpg
C13,19,F,113,/clientes/C13.jpg
C14,53,M,114,/clientes/C14.jpg
C15,93,M,115,/clientes/C15.jpg
C16,53,F,116,/clientes/C16.jpg
C17,52,F,117,/clientes/C17.jpg
C18,28,F,118,/clientes/C18.jpg
C19,20,M,119,/clientes/C19.jpg
C20,71,M,120,/clientes/C20.jpg
C21,56,F,121,/clientes/C21.jpg
C22,95,F,122,/clientes/C22.jpg
C23,59,F,123,/clientes/C23.jpg
C24,18,M,124,/clientes/C24.jpg
C25,79,M,125,/clientes/C25.jpg
C26,54,M,126,/clientes/C26.jpg
C27,25,F,127,/clientes/C27.jpg
C28,89,M,128,/clientes/C28.jpg
C29,45,F,129,/clientes/C29.jpg
C30,58,F,130,/clientes/C30.jpg
C31,27,M,131,/clientes/C31.jpg
C32,95,M,132,/clientes/C32.jpg
C33,30,F,133,/clientes/C33.jpg
C34,76,M,134,/clientes/C34.jpg
C35,36,F,135,/clientes/C35.jpg
C36,86,F,136,/clientes/C36.jpg
C37,90,F,137,/clientes/C37.jpg
C38,90,M,138,/clientes/C38.jpg
C39,62,F,139,/clientes/C39.jpg
C40,93,M,140,/clientes/C40.jpg
C41,19,M,141,/clientes/C41.jpg
C42,89,F,142,/clientes/C42.jpg
C43,68,M,143,/clientes/C43.jpg
C44,97,M,144,/clientes/C44.jpg
C45,33,M,145,/clientes/C45.jpg
C46,60,F,146,/clientes/C46.jpg
C47,42,F,147,/clientes/C47.jpg
C48,37,M,148,/clientes/C48.jpg
C49,93,M,149,/clientes/C49.jpg
